{
  "sensor": "navsensor",
  "time": 13518241202000,
  "data": [
    {
      "x": 48.75608,
      "y": 2.302038,
      "duration": 2000100
    },
    {
      "x": -48.75608,
      "y": 20.302038,
      "duration": 2000100
    }
  ]
}